datetime,temperature,pressure,altitude,sensorVoltage,humidity,trueHumidity
2018-07-26 16:17:16,0.00,0.00,0.00,0.00,0.00,0.00
2018-07-26 16:17:18,26.69,100.11,101.06,2.39,51.76,51.74
2018-07-26 16:22:19,29.37,100.11,101.06,2.39,49.71,49.86
2018-07-26 16:27:20,30.25,100.11,100.44,2.39,40.57,40.93
2018-07-26 16:32:21,30.69,100.11,100.44,2.39,35.68,36.07
2018-07-26 16:37:22,31.12,100.11,98.75,2.39,35.68,36.58
2018-07-26 16:42:23,31.69,100.11,98.75,2.39,35.68,36.58
2018-07-26 16:47:25,31.69,100.11,97.37,1.84,33.79,34.26
2018-07-26 16:52:26,31.87,100.11,98.87,1.84,33.79,33.46
2018-07-26 16:57:27,32.06,100.11,98.87,1.84,32.68,33.46
2018-07-26 17:02:28,32.25,100.11,98.87,1.84,31.42,31.73
2018-07-26 17:07:29,33.00,100.11,99.81,1.84,31.42,31.73
2018-07-26 17:12:30,32.81,100.11,99.81,1.84,30.32,31.15
2018-07-26 17:17:31,33.13,100.11,100.44,1.84,30.95,31.15
2018-07-26 17:22:33,34.31,100.11,100.44,1.84,30.95,31.15
2018-07-26 17:27:34,33.19,100.11,102.81,1.84,29.69,30.12
2018-07-26 17:32:35,32.81,100.11,101.94,1.84,30.95,31.33
2018-07-26 17:37:36,31.69,100.11,98.62,1.84,30.95,31.33
2018-07-26 17:42:37,30.69,100.11,98.62,1.84,34.10,33.94
2018-07-26 17:47:38,30.50,100.11,98.62,1.84,34.10,34.67
2018-07-26 17:52:39,31.00,100.11,97.12,1.84,34.89,34.67
2018-07-26 17:57:41,30.25,100.11,96.56,1.84,34.89,35.49
2018-07-26 18:02:42,30.12,100.11,94.25,1.84,35.84,36.23
2018-07-26 18:07:43,29.75,100.11,94.25,1.84,36.62,36.85
2018-07-26 18:12:44,29.50,100.11,94.87,1.84,37.41,37.62
2018-07-26 18:17:45,29.56,100.11,94.87,1.84,37.41,37.62
2018-07-26 18:22:46,29.12,100.11,94.87,1.84,38.36,38.56
2018-07-26 18:27:47,28.87,100.11,94.12,1.84,38.99,39.16
2018-07-26 18:32:49,28.81,100.11,93.00,1.84,39.94,39.77
2018-07-26 18:37:50,28.81,100.11,93.00,1.84,39.94,40.88
2018-07-26 18:42:51,28.44,100.11,91.62,1.84,39.94,40.88
2018-07-26 18:47:52,28.19,100.11,81.69,1.84,41.83,41.80
2018-07-26 18:52:53,25.75,100.11,81.69,1.84,42.77,42.73
2018-07-26 18:57:54,24.62,100.11,80.00,1.84,45.45,45.18
2018-07-26 19:02:55,24.44,100.11,80.00,1.84,45.45,45.18
2018-07-26 19:07:56,24.19,100.11,80.00,1.84,45.45,45.18
2018-07-26 19:12:57,23.50,100.11,80.69,1.84,46.56,46.45
2018-07-26 19:17:59,22.87,100.11,76.69,2.35,50.03,49.68
2018-07-26 19:23:00,22.19,100.11,78.00,2.35,57.75,57.30
2018-07-26 19:28:01,22.25,100.11,80.44,2.35,64.85,63.95
2018-07-26 19:33:02,22.00,100.11,79.75,2.35,61.85,61.29
2018-07-26 19:38:03,22.19,100.11,79.75,2.35,61.85,62.04
2018-07-26 19:43:04,22.19,100.11,80.37,2.35,59.96,59.56
2018-07-26 19:48:05,21.87,100.11,80.37,2.35,59.96,59.56
2018-07-26 19:53:06,21.87,100.11,80.37,2.35,59.01,58.43
2018-07-26 19:58:07,22.12,100.11,78.75,2.35,59.01,59.37
2018-07-26 20:03:08,22.00,100.11,77.50,2.35,59.01,59.37
2018-07-26 20:08:09,21.87,100.11,76.06,2.35,61.69,61.42
2018-07-26 20:13:11,21.62,100.11,73.00,2.35,68.32,61.42
2018-07-26 20:18:12,21.31,100.11,73.00,2.35,64.22,63.56
2018-07-26 20:23:13,21.37,100.11,76.06,2.35,65.32,64.77
2018-07-26 20:28:14,21.19,100.11,76.69,2.35,65.32,64.77
2018-07-26 20:33:15,21.06,100.11,76.69,2.35,65.32,64.77
2018-07-26 20:38:16,20.69,100.11,78.56,2.86,66.42,65.98
2018-07-26 20:43:17,20.69,100.11,78.56,2.86,68.63,67.80
2018-07-26 20:48:18,20.62,100.11,76.87,2.86,67.68,67.18
2018-07-26 20:53:19,20.87,100.11,76.87,2.86,67.68,67.18
2018-07-26 20:58:20,20.87,100.11,78.12,2.86,66.27,65.49
2018-07-26 21:03:21,21.06,100.11,77.37,2.86,66.27,65.49
2018-07-26 21:08:23,21.31,100.11,77.37,2.86,65.48,64.73
2018-07-26 21:13:24,21.25,100.11,77.37,2.86,65.48,64.73
2018-07-26 21:18:25,21.12,100.11,76.62,2.86,66.27,65.38
2018-07-26 21:23:26,20.75,100.11,76.62,2.86,67.68,66.61
2018-07-26 21:28:27,20.44,100.11,74.31,2.86,69.73,68.90
2018-07-26 21:33:28,20.56,100.11,74.31,2.86,73.05,72.45
2018-07-26 21:38:29,20.50,100.11,74.31,2.86,79.19,78.08
2018-07-26 21:43:30,20.25,100.11,75.69,2.86,80.30,79.32
2018-07-26 21:48:31,20.31,100.11,74.56,2.86,80.93,80.53
2018-07-26 21:53:32,20.37,100.11,73.06,2.86,78.56,78.51
2018-07-26 21:58:33,20.50,100.11,65.87,2.86,78.56,78.51
2018-07-26 22:03:34,20.44,100.11,65.19,2.86,81.24,80.73
2018-07-26 22:08:36,20.25,100.11,66.44,2.86,75.88,75.10
2018-07-26 22:13:37,19.75,100.11,73.25,2.86,78.25,76.78
2018-07-26 22:18:38,19.44,100.11,72.00,2.86,82.03,80.75
2018-07-26 22:23:39,19.31,100.11,74.31,2.86,82.03,80.75
2018-07-26 22:28:40,19.50,100.11,76.06,2.86,81.09,80.05
2018-07-26 22:33:41,19.56,100.11,77.87,3.52,88.02,87.09
2018-07-26 22:38:42,19.25,100.11,77.87,3.52,87.24,86.17
2018-07-26 22:43:43,19.37,100.11,79.19,3.52,88.50,87.83
2018-07-26 22:48:44,19.37,100.11,79.19,3.52,88.50,87.83
2018-07-26 22:53:45,19.25,100.11,79.19,3.52,87.87,86.92
2018-07-26 22:58:46,18.69,100.11,79.19,3.52,87.08,85.49
2018-07-26 23:03:47,18.75,100.11,79.19,3.52,91.33,90.36
2018-07-26 23:08:49,18.50,100.11,79.19,3.52,95.75,91.00
2018-07-26 23:13:50,18.62,100.11,78.37,3.52,92.28,91.00
2018-07-26 23:18:51,18.56,100.11,78.37,3.52,92.28,91.00
2018-07-26 23:23:52,18.37,100.11,78.37,3.52,93.70,92.67
2018-07-26 23:28:53,18.50,100.11,78.37,3.52,93.07,91.08
2018-07-26 23:33:54,18.62,100.11,78.37,3.52,94.49,93.12
2018-07-26 23:38:55,18.50,100.11,77.44,3.52,91.81,90.35
2018-07-26 23:43:56,18.56,100.11,77.44,3.52,92.91,91.88
2018-07-26 23:48:57,18.75,100.11,76.81,3.52,91.33,89.87
2018-07-26 23:53:58,18.31,100.11,76.81,3.52,94.65,93.17
2018-07-26 23:58:59,17.87,100.11,75.62,3.52,95.91,94.80
2018-07-27 00:04:00,18.12,100.11,75.62,3.52,97.33,95.79
2018-07-27 00:09:01,18.19,100.11,75.62,3.52,96.69,94.91
2018-07-27 00:14:03,18.00,100.11,75.62,3.52,98.11,96.63
2018-07-27 00:19:04,18.12,100.11,74.44,3.52,96.38,95.35
2018-07-27 00:24:05,18.56,100.11,75.75,3.52,95.28,93.67
2018-07-27 00:29:06,18.31,100.11,75.75,4.09,98.43,95.47
2018-07-27 00:34:07,18.19,100.11,75.75,4.09,97.17,96.04
2018-07-27 00:39:08,18.31,100.11,77.06,4.09,90.23,94.46
2018-07-27 00:44:09,18.44,100.11,77.06,4.09,97.01,95.11
2018-07-27 00:49:10,18.44,100.11,76.44,4.09,96.38,95.11
2018-07-27 00:54:11,18.31,100.11,76.44,4.09,97.48,96.06
2018-07-27 00:59:12,18.31,100.11,76.44,4.09,96.69,94.49
2018-07-27 01:04:13,18.31,100.11,75.50,4.09,96.69,95.42
2018-07-27 01:09:14,18.19,100.11,76.56,4.09,97.48,95.42
2018-07-27 01:14:15,18.31,100.11,76.56,4.09,97.48,96.79
2018-07-27 01:19:16,18.31,100.11,76.56,4.09,97.48,94.33
2018-07-27 01:24:18,18.31,100.11,77.19,4.09,98.11,96.82
2018-07-27 01:29:19,18.31,100.11,77.19,4.09,97.33,95.88
2018-07-27 01:34:20,18.50,100.11,77.75,4.09,98.11,96.82
2018-07-27 01:39:21,18.50,100.11,77.75,4.09,98.11,96.82
2018-07-27 01:44:22,18.56,100.11,77.19,4.09,98.11,94.83
2018-07-27 01:49:23,18.56,100.11,76.56,4.09,95.59,94.07
2018-07-27 01:54:24,18.50,100.11,75.31,4.09,96.54,96.71
2018-07-27 01:59:25,18.50,100.11,76.12,4.09,97.17,95.61
2018-07-27 02:04:26,18.50,100.11,76.12,4.09,97.17,95.61
2018-07-27 02:09:27,18.44,100.11,76.12,4.09,97.17,94.68
2018-07-27 02:14:28,18.62,100.11,77.75,4.09,95.75,94.68
2018-07-27 02:19:29,18.50,100.11,77.75,4.09,95.75,94.68
2018-07-27 02:24:30,18.37,100.11,77.75,4.09,95.75,94.68
2018-07-27 02:29:32,18.31,100.11,77.75,4.09,95.75,94.68
2018-07-27 02:34:33,18.25,100.11,77.00,4.09,94.17,94.17
2018-07-27 02:39:34,18.25,100.11,77.00,4.09,96.85,95.40
2018-07-27 02:44:35,18.19,100.11,77.00,4.09,96.85,95.40
2018-07-27 02:49:36,18.19,100.11,76.44,4.09,99.06,96.79
2018-07-27 02:54:37,18.00,100.11,75.44,4.09,99.06,97.57
2018-07-27 02:59:38,18.00,100.11,76.87,4.09,98.43,97.57
2018-07-27 03:04:39,17.87,100.11,74.94,4.09,98.43,97.57
2018-07-27 03:09:40,18.00,100.11,75.75,4.09,97.64,96.26
2018-07-27 03:14:41,17.75,100.11,75.75,4.09,97.64,96.26
2018-07-27 03:19:42,18.00,100.11,74.94,4.09,96.69,95.61
2018-07-27 03:24:43,17.94,100.11,74.94,4.09,98.27,96.29
2018-07-27 03:29:44,17.56,100.11,76.56,4.09,98.27,99.69
2018-07-27 03:34:46,17.81,100.11,75.94,4.09,98.27,96.35
2018-07-27 03:39:47,17.94,100.11,75.94,4.09,97.17,96.35
2018-07-27 03:44:48,17.75,100.11,74.81,4.09,97.17,95.19
2018-07-27 03:49:49,17.69,100.11,75.37,4.09,99.69,97.94
2018-07-27 03:54:50,17.62,100.11,75.37,4.09,99.69,97.94
2018-07-27 03:59:51,17.56,100.11,75.37,4.09,98.90,97.14
2018-07-27 04:04:52,17.44,100.11,74.81,4.09,99.85,97.14
2018-07-27 04:09:53,17.44,100.11,74.81,4.09,99.06,97.14
2018-07-27 04:14:54,17.25,100.11,74.81,4.09,99.06,96.48
2018-07-27 04:19:55,16.87,100.11,74.81,4.09,97.17,95.67
2018-07-27 04:24:56,17.00,100.11,74.81,4.09,98.11,96.52
2018-07-27 04:29:57,16.94,100.11,74.81,4.09,98.11,96.52
2018-07-27 04:34:58,17.00,100.11,73.75,4.09,99.22,97.46
2018-07-27 04:39:59,16.81,100.11,73.00,4.09,97.80,96.08
2018-07-27 04:45:01,17.12,100.11,73.00,4.09,99.06,97.28
2018-07-27 04:50:02,17.00,100.11,72.12,4.09,97.64,96.42
2018-07-27 04:55:03,17.00,100.11,72.12,4.09,97.64,96.42
2018-07-27 05:00:04,17.25,100.11,72.12,4.09,97.64,96.42
2018-07-27 05:05:05,17.00,100.11,72.12,4.09,97.64,100.47
2018-07-27 05:10:06,17.06,100.11,72.12,4.09,97.64,95.31
2018-07-27 05:15:07,17.44,100.11,71.19,4.09,97.64,96.56
2018-07-27 05:20:08,17.62,100.11,71.19,4.09,97.64,95.86
2018-07-27 05:25:09,17.62,100.11,71.19,4.09,97.64,95.86
2018-07-27 05:30:10,17.87,100.11,71.19,4.09,96.54,94.97
2018-07-27 05:35:11,17.81,100.11,71.19,4.09,97.17,94.97
2018-07-27 05:40:12,18.00,100.11,71.19,4.09,97.17,95.94
2018-07-27 05:45:13,17.87,100.11,70.31,4.09,96.38,94.58
2018-07-27 05:50:14,18.25,100.11,69.19,4.09,97.64,95.64
2018-07-27 05:55:16,18.06,100.11,69.19,4.09,95.28,93.23
2018-07-27 06:00:17,18.12,100.11,69.19,4.09,96.22,95.06
2018-07-27 06:05:18,18.25,100.11,68.06,4.09,95.59,94.14
2018-07-27 06:10:19,18.50,100.11,67.25,4.09,94.01,92.61
2018-07-27 06:15:20,18.69,100.11,67.25,4.09,94.01,92.61
2018-07-27 06:20:21,18.69,100.11,67.25,4.09,95.91,94.41
2018-07-27 06:25:22,18.87,100.11,67.25,4.09,94.80,93.78
2018-07-27 06:30:23,18.75,100.11,67.25,4.09,94.80,93.78
2018-07-27 06:35:24,19.19,100.11,67.25,4.09,94.17,92.86
2018-07-27 06:40:25,19.25,100.11,67.25,3.40,93.07,91.70
2018-07-27 06:45:26,19.50,100.11,65.75,3.40,92.12,91.09
2018-07-27 06:50:27,19.25,100.11,66.37,3.40,91.18,89.43
2018-07-27 06:55:28,19.56,100.11,66.37,3.40,92.91,92.03
2018-07-27 07:00:30,19.56,100.11,65.56,3.40,92.91,91.31
2018-07-27 07:05:31,19.94,100.11,65.56,3.40,91.33,90.22
2018-07-27 07:10:32,19.75,100.11,65.56,3.40,88.50,87.33
2018-07-27 07:15:33,20.06,100.11,65.56,3.40,88.50,88.08
2018-07-27 07:20:34,19.94,100.11,64.06,3.40,90.23,89.07
2018-07-27 07:25:35,20.19,100.11,65.31,3.40,88.50,87.18
2018-07-27 07:30:36,20.44,100.11,65.31,3.40,86.45,85.97
2018-07-27 07:35:37,20.25,100.11,65.31,3.40,85.66,84.62
2018-07-27 07:40:38,20.75,100.11,64.12,3.40,84.71,83.65
2018-07-27 07:45:39,20.69,100.11,63.56,3.40,84.71,83.65
2018-07-27 07:50:40,20.75,100.11,63.56,3.40,84.08,83.65
2018-07-27 07:55:41,21.06,100.11,63.56,3.40,82.35,82.02
2018-07-27 08:00:43,20.94,100.11,63.56,3.40,82.35,81.29
2018-07-27 08:05:44,21.25,100.11,62.81,3.40,82.35,81.29
2018-07-27 08:10:45,21.25,100.11,62.06,3.40,80.77,80.07
2018-07-27 08:15:46,21.44,100.11,62.69,3.40,80.77,80.07
2018-07-27 08:20:47,21.00,100.11,62.69,3.40,80.77,80.07
2018-07-27 08:25:48,21.81,100.11,62.00,3.40,80.77,80.07
2018-07-27 08:30:49,22.00,100.11,62.69,3.40,78.09,76.88
2018-07-27 15:25:24,0.00,0.00,0.00,0.00,0.00,0.00
2018-07-27 15:25:26,22.87,100.49,68.94,3.33,82.03,81.29
2018-07-27 15:30:27,23.50,100.49,68.94,3.33,80.46,79.73
2018-07-27 15:35:28,23.50,100.49,69.75,3.33,79.82,79.21
2018-07-27 15:40:29,24.00,100.49,69.06,3.33,75.25,75.28
2018-07-27 15:45:30,24.06,100.49,68.50,3.33,75.25,75.28
2018-07-27 15:50:31,23.31,100.49,66.87,3.33,72.73,72.54
2018-07-27 15:55:32,23.25,100.49,66.87,3.33,75.88,75.88
2018-07-27 16:00:33,22.87,100.49,66.87,3.33,75.88,71.16
2018-07-27 16:05:34,22.56,100.49,66.87,3.33,73.83,73.30
2018-07-27 16:10:35,22.87,100.49,67.44,3.33,73.83,74.50
2018-07-27 16:15:36,23.94,100.49,66.81,3.33,76.36,78.00
2018-07-27 16:20:38,24.31,100.49,65.44,3.33,76.36,76.14
2018-07-27 16:25:39,24.56,100.49,64.37,3.33,77.46,76.83
2018-07-27 16:30:40,24.44,100.49,64.37,3.33,74.78,74.35
2018-07-27 16:35:41,24.37,100.49,65.00,3.33,71.47,71.02
2018-07-27 16:40:42,24.69,100.49,65.00,3.33,75.09,74.95
2018-07-27 16:45:43,25.00,100.49,65.87,3.33,68.47,68.70
2018-07-27 16:50:44,24.87,100.49,66.81,3.33,69.89,69.69
2018-07-27 16:55:45,25.44,100.49,65.81,3.33,71.15,70.78
2018-07-27 17:00:46,25.94,100.49,66.50,2.76,63.59,63.61
2018-07-27 17:05:47,27.44,100.49,68.56,2.76,65.00,65.10
2018-07-27 17:10:49,28.25,100.49,69.81,2.76,62.48,62.46
2018-07-27 17:15:50,28.69,100.49,69.12,2.76,56.18,56.70
2018-07-27 17:20:51,28.56,100.49,69.12,2.76,51.60,52.46
2018-07-27 17:25:52,29.12,100.49,69.12,2.76,49.55,50.54
2018-07-27 17:30:53,29.25,100.49,69.81,2.24,46.08,46.63
2018-07-27 17:35:54,30.06,100.49,68.94,2.24,41.99,42.51
2018-07-27 17:40:55,30.56,100.49,68.94,2.24,41.20,41.47
2018-07-27 17:45:56,30.00,100.49,70.06,2.24,39.78,40.40
2018-07-27 17:50:58,31.06,100.49,71.00,2.24,37.26,37.64
2018-07-27 17:55:59,30.69,100.49,71.00,2.24,36.62,37.09
2018-07-27 18:01:00,29.25,100.49,71.56,2.24,36.62,36.42
2018-07-27 18:06:01,31.00,100.49,70.37,2.24,37.57,37.42
2018-07-27 18:11:02,30.56,100.49,70.37,2.24,34.10,34.85
2018-07-27 18:16:03,28.94,100.49,69.56,2.24,34.10,34.85
2018-07-27 18:21:04,30.25,100.49,69.56,2.24,39.46,39.78
2018-07-27 18:26:06,29.37,100.49,67.62,2.24,34.73,35.11
2018-07-27 18:31:07,28.62,100.49,69.19,2.24,35.68,36.63
2018-07-27 18:36:08,28.87,100.49,69.19,2.24,37.73,38.00
2018-07-27 18:41:09,29.44,100.49,69.19,2.24,37.10,38.00
2018-07-27 18:46:10,28.25,100.49,67.06,2.24,37.10,36.64
2018-07-27 18:51:11,27.56,100.49,67.06,2.24,37.10,37.81
2018-07-27 18:56:12,27.50,100.49,67.06,2.24,38.83,39.02
2018-07-27 19:01:13,26.81,100.49,67.06,2.24,40.72,41.08
2018-07-27 19:06:15,26.44,100.49,67.06,2.24,41.35,41.08
2018-07-27 19:11:16,26.37,100.49,66.37,2.24,43.88,44.30
2018-07-27 19:16:17,26.06,100.49,66.37,2.24,43.88,43.51
2018-07-27 19:21:18,25.69,100.49,63.81,2.24,44.82,45.22
2018-07-27 19:26:19,25.50,100.49,63.81,2.24,45.45,45.22
2018-07-27 19:31:20,25.31,100.49,63.81,2.24,47.35,47.21
2018-07-27 19:36:21,25.50,100.49,63.81,2.24,46.24,46.25
2018-07-27 19:41:22,25.44,100.49,63.81,2.24,46.24,46.25
2018-07-27 19:46:23,25.19,100.49,63.81,2.24,47.50,47.36
2018-07-27 19:51:25,25.19,100.49,63.06,2.24,47.50,47.36
2018-07-27 19:56:26,25.19,100.49,62.13,2.24,48.45,47.97
2018-07-27 20:01:27,25.00,100.49,60.56,2.24,48.45,48.76
2018-07-27 20:06:28,24.94,100.49,59.25,2.24,50.34,50.31
2018-07-27 20:11:29,24.87,100.49,59.25,2.24,50.34,50.31
2018-07-27 20:16:30,24.75,100.49,59.25,2.24,50.34,50.31
2018-07-27 20:21:31,24.12,100.49,59.25,2.24,52.39,52.80
2018-07-27 20:26:32,23.69,100.49,58.25,2.24,61.06,60.75
2018-07-27 20:31:33,23.44,100.49,57.13,2.78,63.74,64.00
2018-07-27 20:36:34,23.44,100.49,57.13,2.78,65.48,65.22
2018-07-27 20:41:36,23.44,100.49,55.88,2.78,66.90,66.79
2018-07-27 21:20:23,23.12,100.49,55.88,2.78,68.32,67.89
2018-07-27 21:25:24,23.12,100.49,55.31,2.78,68.32,68.47
2018-07-27 21:30:25,22.87,100.49,55.31,2.78,67.68,66.90
2018-07-27 21:35:26,22.87,100.49,54.44,2.78,69.73,69.22
2018-07-27 21:40:27,22.69,100.49,53.25,2.78,71.94,71.41
2018-07-27 21:45:28,22.56,100.49,52.56,2.78,72.57,72.17
2018-07-27 21:50:29,22.25,100.49,51.69,2.78,73.20,72.78
2018-07-27 21:55:31,22.06,100.49,51.06,2.78,75.25,74.45
2018-07-27 22:00:32,22.06,100.49,50.13,2.78,77.78,76.93
2018-07-27 22:05:33,21.87,100.49,49.13,2.78,77.78,76.93
2018-07-27 22:10:34,21.81,100.49,49.13,2.78,79.04,78.15
2018-07-27 22:15:35,21.62,100.49,50.00,2.78,79.98,79.54
2018-07-27 22:20:36,21.50,100.49,50.00,2.78,79.98,78.57
2018-07-27 22:25:37,21.31,100.49,50.00,3.29,79.98,80.12
2018-07-27 22:30:38,21.31,100.49,48.88,3.29,81.40,80.87
2018-07-27 22:35:39,21.19,100.49,48.88,3.29,81.40,80.87
2018-07-27 22:40:40,21.19,100.49,48.25,3.29,80.61,80.87
2018-07-27 22:45:41,20.94,100.49,47.38,3.29,81.24,80.22
2018-07-27 22:50:42,20.87,100.49,47.38,3.29,81.87,81.58
2018-07-27 22:55:43,20.75,100.49,47.38,3.29,79.98,79.39
2018-07-27 23:00:45,20.81,100.49,47.38,3.29,80.77,79.39
2018-07-27 23:05:46,20.75,100.49,47.38,3.29,80.77,79.39
2018-07-27 23:10:47,20.56,100.49,48.19,3.29,81.56,80.61
2018-07-27 23:15:48,20.37,100.49,48.81,3.29,82.35,81.52
2018-07-27 23:20:49,20.31,100.49,48.81,3.29,82.35,81.52
2018-07-27 23:25:50,20.31,100.49,48.81,3.29,82.35,80.85
2018-07-27 23:30:51,20.25,100.49,49.88,3.29,81.40,80.07
2018-07-27 23:35:52,20.25,100.49,49.88,3.29,82.66,81.31
2018-07-27 23:40:53,20.19,100.49,49.88,3.29,81.40,81.31
2018-07-27 23:45:54,20.12,100.49,49.88,3.29,82.98,82.23
2018-07-27 23:50:55,20.06,100.49,49.25,3.29,83.61,83.00
2018-07-27 23:55:56,20.00,100.49,49.25,3.29,82.51,81.90
2018-07-28 00:00:57,19.94,100.49,49.25,3.29,83.14,78.30
2018-07-28 00:05:59,19.81,100.49,48.13,3.29,83.14,82.03
2018-07-28 00:11:00,19.81,100.49,48.13,3.29,84.40,83.10
2018-07-28 00:16:01,19.87,100.49,48.13,3.29,83.77,83.10
2018-07-28 00:21:02,19.75,100.49,48.13,3.29,83.14,83.10
2018-07-28 00:26:03,19.81,100.49,48.13,3.29,84.08,83.71
2018-07-28 00:31:04,19.81,100.49,48.13,3.29,84.71,83.71
2018-07-28 00:36:05,19.69,100.49,48.13,3.29,84.71,83.10
2018-07-28 00:41:06,19.69,100.49,48.13,3.29,84.08,83.10
2018-07-28 00:46:07,19.62,100.49,48.13,3.29,84.08,83.10
2018-07-28 00:51:08,19.56,100.49,48.13,3.29,85.66,84.94
2018-07-28 00:56:09,19.62,100.49,48.13,3.29,85.66,84.94
2018-07-28 01:01:10,19.56,100.49,48.13,3.29,85.66,84.00
2018-07-28 01:06:11,19.12,100.49,48.13,3.29,85.66,85.39
2018-07-28 01:11:13,19.00,100.49,48.13,3.29,87.87,86.56
2018-07-28 01:16:14,18.75,100.49,49.00,3.29,89.13,87.93
2018-07-28 01:21:15,18.81,100.49,48.44,3.29,89.92,89.13
2018-07-28 01:26:16,18.56,100.49,49.19,3.29,90.55,89.13
2018-07-28 01:31:17,18.50,100.49,49.75,3.29,91.97,89.72
2018-07-28 01:36:18,18.50,100.49,49.75,3.29,93.86,91.57
2018-07-28 01:41:19,18.44,100.49,48.69,3.29,93.86,90.79
2018-07-28 01:46:20,18.25,100.49,48.69,3.29,91.81,90.79
2018-07-28 01:51:21,18.19,100.49,49.50,3.29,93.23,91.68
2018-07-28 01:56:22,18.25,100.49,49.50,3.29,93.23,102.22
2018-07-28 02:01:23,18.19,100.49,49.50,3.29,95.43,92.92
2018-07-28 02:06:24,18.12,100.49,50.13,3.29,93.86,92.92
2018-07-28 02:11:25,18.06,100.49,50.13,3.81,93.86,92.92
2018-07-28 02:16:26,18.19,100.49,50.13,3.81,95.28,94.43
2018-07-28 02:21:27,18.25,100.49,50.81,3.81,93.70,92.44
2018-07-28 02:26:29,18.31,100.49,50.81,3.81,94.49,92.44
2018-07-28 02:31:30,18.44,100.49,50.81,3.81,92.91,91.22
2018-07-28 02:36:31,18.12,100.49,50.81,3.81,90.70,88.92
2018-07-28 02:41:32,18.00,100.49,50.81,3.81,90.70,89.94
2018-07-28 02:46:33,17.94,100.49,49.94,3.81,93.86,91.94
2018-07-28 02:51:34,17.75,100.49,49.94,3.81,94.96,93.32
2018-07-28 02:56:35,18.25,100.49,51.13,3.81,94.96,93.32
2018-07-28 03:01:36,17.81,100.49,50.56,3.81,94.96,94.01
2018-07-28 03:06:37,17.87,100.49,49.50,3.81,95.59,94.01
2018-07-28 03:11:38,17.75,100.49,48.50,3.81,94.33,93.16
2018-07-28 03:16:39,17.81,100.49,48.50,3.81,94.33,93.16
2018-07-28 03:21:40,17.87,100.49,48.50,3.81,93.07,93.16
2018-07-28 03:26:41,17.87,100.49,48.50,3.81,95.28,93.16
2018-07-28 03:31:42,17.87,100.49,47.81,3.81,93.54,92.22
2018-07-28 03:36:43,17.94,100.49,48.94,3.81,94.17,92.22
2018-07-28 03:41:45,18.06,100.49,50.00,3.81,96.54,94.56
2018-07-28 03:46:46,18.19,100.49,51.25,3.81,95.75,94.56
2018-07-28 03:51:47,18.31,100.49,50.19,3.81,94.80,93.53
2018-07-28 03:56:48,18.44,100.49,50.19,3.81,94.80,92.93
2018-07-28 04:01:49,18.56,100.49,49.38,3.81,92.75,91.25
2018-07-28 04:06:50,18.62,100.49,50.31,3.81,92.75,91.25
2018-07-28 04:11:51,18.50,100.49,50.31,3.81,93.38,91.91
2018-07-28 04:16:52,18.50,100.49,50.31,3.81,94.80,93.28
2018-07-28 04:21:53,18.25,100.49,50.31,3.81,92.75,91.26
2018-07-28 04:26:54,18.12,100.49,48.31,3.81,94.65,93.07
2018-07-28 04:31:55,18.06,100.49,47.06,3.81,94.65,94.14
2018-07-28 04:36:56,17.81,100.49,47.06,3.81,90.70,89.62
2018-07-28 04:41:57,18.06,100.49,47.06,3.81,90.70,89.11
2018-07-28 04:46:58,17.94,100.49,47.06,3.81,90.70,89.62
2018-07-28 04:51:59,18.00,100.49,47.06,3.81,88.81,88.36
2018-07-28 04:57:01,18.06,100.49,48.25,3.81,91.49,89.77
2018-07-28 05:02:02,17.81,100.49,48.25,3.81,91.49,89.77
2018-07-28 05:07:03,17.87,100.49,48.25,3.81,94.65,93.45
2018-07-28 05:12:04,17.87,100.49,48.25,3.81,93.54,92.07
2018-07-28 05:17:05,17.62,100.49,47.19,3.81,90.39,89.43
2018-07-28 05:22:06,17.44,100.49,47.19,3.81,94.33,92.49
2018-07-28 05:27:07,17.44,100.49,46.44,3.81,92.75,91.21
2018-07-28 05:32:08,17.50,100.49,46.44,3.81,92.75,91.21
2018-07-28 05:37:09,17.56,100.49,46.44,3.81,94.01,93.39
2018-07-28 05:42:10,17.62,100.49,46.44,3.81,87.24,94.02
2018-07-28 05:47:11,17.50,100.49,47.06,3.81,92.75,91.25
2018-07-28 05:52:12,17.62,100.49,47.06,3.81,95.43,95.56
2018-07-28 05:57:13,17.75,100.49,45.81,3.81,95.43,94.04
2018-07-28 06:02:14,18.06,100.49,45.81,3.81,103.47,94.04
2018-07-28 06:07:15,18.19,100.49,45.81,3.81,93.07,91.33
2018-07-28 06:12:17,18.19,100.49,45.81,3.81,91.02,89.02
2018-07-28 06:17:18,18.19,100.49,45.81,3.81,90.39,89.80
2018-07-28 06:22:19,18.31,100.49,45.81,3.81,93.07,91.98
2018-07-28 06:27:20,18.31,100.49,45.81,3.81,91.02,89.51
2018-07-28 06:32:21,18.25,100.49,44.81,3.81,90.23,89.51
2018-07-28 06:37:22,18.44,100.49,44.81,3.81,90.23,88.73
2018-07-28 06:42:23,18.37,100.49,44.81,3.81,90.23,88.14
2018-07-28 06:47:24,18.31,100.49,43.44,3.81,91.18,90.15
2018-07-28 06:52:25,18.44,100.49,43.44,3.81,91.18,90.15
2018-07-28 06:57:26,18.50,100.49,43.44,3.81,89.76,88.76
2018-07-28 07:02:27,18.69,100.49,43.44,3.81,90.39,89.39
2018-07-28 07:07:28,18.69,100.49,43.44,3.81,90.39,89.39
2018-07-28 07:12:29,18.87,100.49,43.44,3.81,89.44,88.03
2018-07-28 07:17:30,19.00,100.49,42.44,3.81,89.44,88.69
2018-07-28 07:22:31,18.87,100.49,42.44,3.81,89.44,88.09
2018-07-28 07:27:33,18.81,100.49,42.44,3.81,89.44,87.44
2018-07-28 07:32:34,19.19,100.49,41.50,3.81,89.44,88.21
2018-07-28 07:37:35,19.25,100.49,41.50,3.81,87.39,78.01
2018-07-28 07:42:36,19.31,100.49,40.13,3.81,88.65,87.98
2018-07-28 07:47:37,19.25,100.49,40.13,3.81,88.65,87.98
2018-07-28 07:52:38,19.56,100.49,39.56,3.81,87.55,79.58
2018-07-28 07:57:39,19.25,100.49,39.56,3.81,85.50,84.15
2018-07-28 08:02:40,19.62,100.49,39.56,3.81,85.50,84.15
2018-07-28 08:07:41,19.81,100.49,39.56,3.81,84.71,83.38
2018-07-28 08:12:42,20.12,100.49,39.56,3.81,83.45,82.79
2018-07-28 08:17:43,20.12,100.49,38.94,3.81,82.51,81.13
2018-07-28 08:22:44,20.19,100.49,38.94,3.81,81.87,81.13
2018-07-28 08:27:45,20.25,100.49,38.94,3.30,80.93,80.05
2018-07-28 08:32:46,20.37,100.49,38.94,3.30,80.14,80.05
2018-07-28 08:37:48,20.69,100.49,39.75,3.30,79.35,78.83
2018-07-28 08:42:49,20.31,100.49,39.75,3.30,77.46,76.86
2018-07-28 08:47:50,20.69,100.49,39.75,3.30,78.56,77.89
2018-07-28 08:52:51,20.69,100.49,39.75,3.30,77.30,76.70
2018-07-28 08:57:52,20.37,100.49,37.88,3.30,77.30,69.67
2018-07-28 09:02:53,20.75,100.49,37.88,3.30,77.30,76.65
2018-07-28 09:07:54,20.75,100.49,37.88,3.30,74.78,78.43
2018-07-28 09:12:55,21.00,100.49,38.63,3.30,78.72,80.93
2018-07-28 09:17:56,21.25,100.49,38.63,3.30,77.93,77.53
2018-07-28 09:22:57,21.81,100.49,38.63,3.30,76.04,75.39
2018-07-28 09:27:58,22.06,100.49,38.63,3.30,72.57,71.88
2018-07-28 09:33:00,22.12,100.49,38.63,3.30,70.21,69.41
2018-07-28 09:38:01,22.50,100.49,38.00,2.78,64.06,63.63
2018-07-28 09:43:02,22.37,100.49,38.63,2.78,60.91,60.54
2018-07-28 09:48:03,22.50,100.49,37.88,2.78,62.64,62.72
2018-07-28 09:53:04,22.69,100.49,36.50,2.78,60.75,59.60
2018-07-28 09:58:05,22.50,100.49,36.50,2.78,60.75,60.88
2018-07-28 10:03:06,22.69,100.49,36.50,2.78,62.17,61.48
2018-07-28 10:08:07,23.12,100.49,36.50,2.78,58.22,57.74
2018-07-28 10:13:08,23.31,100.49,37.19,2.78,59.64,59.68
2018-07-28 10:18:09,22.94,100.49,34.44,2.78,57.28,57.51
2018-07-28 10:23:11,21.94,100.49,34.44,2.78,60.59,59.50
2018-07-28 10:28:12,21.87,100.49,34.44,2.78,62.01,61.56
2018-07-28 10:33:13,22.00,100.49,34.44,2.78,64.06,63.28
2018-07-28 10:38:14,22.12,100.49,34.44,2.78,63.43,62.36
2018-07-28 10:43:15,22.25,100.49,35.06,2.78,65.79,65.03
2018-07-28 10:48:16,22.31,100.49,34.25,2.78,63.27,63.17
2018-07-28 10:53:17,22.37,100.49,33.63,2.78,64.22,64.28
2018-07-28 10:58:18,22.56,100.49,32.75,2.78,64.22,64.28
2018-07-28 11:03:19,22.25,100.49,32.75,2.78,64.22,63.53
2018-07-28 11:08:20,22.69,100.49,31.69,2.78,65.00,64.90
2018-07-28 11:13:21,22.62,100.49,32.81,2.78,62.32,62.29
2018-07-28 11:18:23,23.06,100.49,32.06,2.78,59.96,59.93
2018-07-28 11:23:24,22.69,100.49,32.06,2.78,59.96,59.93
2018-07-28 11:28:25,22.50,100.49,32.06,2.78,59.96,59.93
2018-07-28 11:33:26,22.81,100.49,32.06,2.78,62.32,62.11
2018-07-28 11:38:27,23.00,100.49,31.31,2.78,60.12,59.80
2018-07-28 11:43:28,22.50,100.49,32.69,2.78,58.86,58.57
2018-07-28 11:48:29,23.12,100.49,33.69,2.78,58.86,58.57
2018-07-28 11:53:30,23.44,100.49,34.44,2.78,52.86,52.78
2018-07-28 11:58:31,23.25,100.49,34.44,2.78,52.08,51.24
2018-07-28 12:03:32,23.50,100.49,35.13,2.78,52.08,51.85
2018-07-28 12:08:34,23.37,100.49,35.13,2.78,49.40,49.68
2018-07-28 12:13:35,23.37,100.49,35.13,2.78,49.40,48.72
2018-07-28 12:18:36,23.50,100.49,35.13,2.78,50.66,50.45
2018-07-28 12:23:37,23.56,100.49,35.13,2.78,52.86,52.19
2018-07-28 12:28:38,23.12,100.49,35.88,2.78,51.60,52.19
2018-07-28 12:33:39,23.62,100.49,37.38,2.78,53.34,53.25
2018-07-28 12:38:40,23.50,100.49,37.38,2.78,52.23,52.36
2018-07-28 12:43:41,23.75,100.49,39.56,2.78,49.08,49.05
2018-07-28 12:48:42,24.06,100.49,39.56,2.78,49.08,48.13
2018-07-28 12:53:43,23.94,100.49,40.25,2.27,47.50,48.13
2018-07-28 12:58:44,24.12,100.49,40.25,2.27,46.56,47.05
2018-07-28 13:03:46,23.62,100.49,41.88,2.27,47.50,47.05
2018-07-28 13:08:47,24.19,100.49,41.88,2.27,48.13,48.28
2018-07-28 13:13:48,24.19,100.49,40.75,2.27,46.72,46.61
2018-07-28 13:18:49,24.19,100.49,42.19,2.27,46.72,46.61
2018-07-28 13:23:50,24.69,100.49,42.19,2.27,46.72,46.61
2018-07-28 13:28:51,24.75,100.49,42.94,2.27,46.72,46.61
2018-07-28 13:33:52,24.69,100.49,42.94,2.27,45.45,45.40
2018-07-28 13:38:53,25.19,100.49,43.63,2.27,45.45,50.44
2018-07-28 13:43:54,24.81,100.49,44.88,2.27,43.25,42.92
2018-07-28 13:48:55,24.87,100.49,44.88,2.27,45.30,45.25
2018-07-28 13:53:57,25.06,100.49,44.88,2.27,45.30,45.25
2018-07-28 13:58:58,24.94,100.49,45.69,2.27,46.08,46.06
2018-07-28 14:03:59,25.25,100.49,45.69,2.27,46.72,46.06
2018-07-28 14:09:00,25.06,100.49,46.75,2.27,45.93,46.06
2018-07-28 14:14:01,25.31,100.49,45.94,2.27,45.93,46.06
2018-07-28 14:19:02,25.50,100.49,45.94,2.27,45.93,46.06
2018-07-28 14:24:03,25.62,100.49,45.31,2.27,45.93,46.06
2018-07-28 14:29:04,25.87,100.49,46.81,2.27,45.93,46.06
2018-07-28 14:34:05,26.44,100.49,46.81,2.27,45.93,45.04
2018-07-28 14:39:06,25.56,100.49,45.69,2.27,44.35,44.15
2018-07-28 14:44:08,26.50,100.49,46.75,2.27,42.93,42.96
2018-07-28 14:49:09,26.56,100.49,46.75,2.27,41.51,41.94
2018-07-28 14:54:10,26.50,100.49,46.75,2.27,42.77,41.94
2018-07-28 14:59:11,26.94,100.49,47.50,2.27,41.51,41.94
2018-07-28 15:04:12,26.87,100.49,48.88,2.27,40.88,40.87
2018-07-28 15:09:13,27.37,100.49,50.44,2.27,40.09,39.92
2018-07-28 15:14:14,27.75,100.49,50.44,2.27,38.67,39.01
2018-07-28 15:19:15,28.19,100.49,50.44,2.27,37.41,37.46
2018-07-28 15:24:16,27.69,100.49,49.69,2.27,36.47,36.54
2018-07-28 15:29:18,27.37,100.49,50.44,2.27,39.15,39.67
2018-07-28 15:34:19,27.25,100.49,50.44,2.27,39.15,39.67
2018-07-28 15:39:20,27.12,100.49,51.50,2.27,36.47,36.62
2018-07-28 15:44:21,27.19,100.49,52.44,2.27,37.73,37.40
2018-07-28 15:49:22,27.31,100.49,53.38,2.27,39.46,39.47
2018-07-28 15:54:23,26.94,100.49,53.38,2.27,38.36,38.53
2018-07-28 15:59:24,26.94,100.49,53.38,2.27,40.72,40.55
2018-07-28 16:04:25,26.69,100.49,53.38,2.27,39.31,39.60
2018-07-28 16:09:26,27.19,100.49,54.13,2.27,41.51,41.80
2018-07-28 16:14:28,26.25,100.49,52.88,2.27,38.99,38.83
2018-07-28 16:19:29,26.31,100.49,52.00,2.27,40.41,40.49
2018-07-28 16:24:30,26.62,100.49,52.69,2.27,40.41,39.87
2018-07-28 16:29:31,26.06,100.49,52.00,2.27,39.31,39.87
2018-07-28 16:34:32,25.75,100.49,50.75,2.27,41.51,41.58
2018-07-28 16:39:33,24.87,100.49,50.75,2.27,41.51,42.19
2018-07-28 16:44:34,24.06,100.49,49.31,2.27,48.45,48.25
2018-07-28 16:49:35,24.50,100.49,51.31,2.27,63.11,62.95
2018-07-28 16:54:36,25.50,100.49,49.94,2.27,56.18,55.61
2018-07-28 16:59:37,26.25,100.49,49.94,2.27,51.92,52.10
2018-07-28 17:04:38,26.81,100.49,50.63,2.27,50.50,50.29
2018-07-28 17:09:39,25.37,100.49,48.63,2.27,48.29,48.45
2018-07-28 17:14:40,25.19,100.49,48.63,2.27,47.50,47.83
2018-07-28 17:19:41,23.75,100.49,47.31,2.27,48.13,48.60
2018-07-28 17:24:42,23.44,100.49,46.75,2.27,54.13,53.48
2018-07-28 17:29:43,23.62,100.49,47.38,2.27,57.12,56.90
2018-07-28 17:34:45,24.50,100.49,48.69,2.27,58.07,57.70
2018-07-28 17:39:46,24.31,100.49,47.50,2.27,56.49,56.55
2018-07-28 17:44:47,23.87,100.49,45.44,2.27,54.76,54.33
2018-07-28 17:49:48,23.19,100.49,44.31,2.27,57.44,57.26
2018-07-28 17:54:49,23.50,100.49,44.31,2.27,58.54,57.96
2018-07-28 17:59:50,22.56,100.49,43.31,2.27,57.75,57.96
2018-07-28 18:04:51,22.62,100.49,44.25,2.27,60.43,60.24
2018-07-28 18:09:52,23.00,100.49,44.25,2.27,61.54,61.66
2018-07-28 18:14:53,23.44,100.49,44.25,2.27,60.43,60.14
2018-07-28 18:19:54,23.06,100.49,44.25,2.27,58.22,57.37
2018-07-28 18:24:55,23.37,100.49,43.69,2.27,61.06,60.30
2018-07-28 18:29:56,23.00,100.49,42.13,2.27,58.07,58.30
2018-07-28 18:34:58,22.75,100.49,41.13,2.27,58.86,59.20
2018-07-28 18:39:59,22.56,100.49,41.94,2.27,60.27,60.10
2018-07-28 18:45:00,22.75,100.49,41.94,2.27,59.64,58.98
2018-07-28 18:50:01,22.37,100.49,40.88,2.27,59.64,59.63
2018-07-28 18:55:02,22.69,100.49,41.81,2.27,60.59,60.53
2018-07-28 19:00:03,22.75,100.49,41.81,2.27,59.17,58.37
2018-07-28 19:05:04,22.94,100.49,40.94,2.27,59.80,59.63
2018-07-28 19:10:05,22.56,100.49,39.19,2.27,59.01,58.40
2018-07-28 19:15:06,22.44,100.49,39.19,2.27,60.43,60.08
2018-07-28 19:20:07,22.87,100.49,39.81,2.27,58.86,58.65
2018-07-28 19:25:08,22.37,100.49,39.00,2.27,58.86,58.65
2018-07-28 19:30:09,22.56,100.49,39.00,2.27,60.59,60.21
2018-07-28 19:35:11,22.75,100.49,42.06,2.27,59.96,60.21
2018-07-28 19:40:12,23.56,100.49,41.13,2.27,59.96,59.63
2018-07-28 19:45:13,24.44,100.49,42.25,2.27,57.91,57.85
2018-07-28 19:50:14,23.62,100.49,39.81,2.27,54.44,54.66
2018-07-28 19:55:15,23.12,100.49,39.81,2.27,55.70,55.66
2018-07-28 20:00:16,22.81,100.49,39.81,2.27,56.96,57.01
2018-07-28 20:05:17,23.00,100.49,39.81,2.27,58.07,57.60
2018-07-28 20:10:18,22.62,100.49,38.44,2.27,55.70,55.74
2018-07-28 20:15:19,22.44,100.49,38.44,2.27,58.07,58.05
2018-07-28 20:20:20,22.25,100.49,39.00,2.27,58.07,58.05
2018-07-28 20:25:21,21.81,100.49,39.00,2.27,60.27,59.26
2018-07-28 20:30:23,21.94,100.49,39.00,2.27,61.38,60.92
2018-07-28 20:35:24,21.81,100.49,39.00,2.27,61.38,60.92
2018-07-28 20:40:25,21.81,100.49,38.44,2.27,62.48,62.02
2018-07-28 20:45:26,21.87,100.49,38.44,2.27,64.37,63.27
2018-07-28 20:50:27,21.75,100.49,38.44,2.27,63.11,62.34
2018-07-28 20:55:28,21.94,100.49,37.50,2.79,64.69,64.51
2018-07-28 21:00:29,22.00,100.49,36.88,2.79,63.11,62.82
2018-07-28 21:05:30,21.31,100.49,35.69,2.79,65.48,64.55
2018-07-28 21:10:31,20.12,100.49,32.19,2.79,75.25,74.93
2018-07-28 21:15:32,19.37,100.49,33.50,2.79,78.72,78.01
2018-07-28 21:20:33,19.81,100.49,32.13,3.44,85.19,83.80
2018-07-28 21:25:34,19.81,100.49,32.13,3.44,80.77,79.52
2018-07-28 21:30:35,19.62,100.49,32.13,3.44,81.72,80.76
2018-07-28 21:35:37,19.62,100.49,32.13,3.44,75.88,81.35
2018-07-28 21:40:38,19.69,100.49,32.13,3.44,85.82,84.00
2018-07-28 21:45:39,19.50,100.49,32.13,3.44,85.82,84.79
2018-07-28 21:50:40,19.62,100.49,31.50,3.44,83.92,83.36
2018-07-28 21:55:41,19.50,100.49,31.50,3.44,86.13,84.63
2018-07-28 22:00:42,19.62,100.49,30.50,3.44,86.13,85.54
2018-07-28 22:05:43,19.62,100.49,29.87,3.44,84.55,83.53
2018-07-28 22:10:44,19.44,100.49,29.87,3.44,84.55,83.53
2018-07-28 22:15:45,19.50,100.49,29.87,3.44,85.97,85.06
2018-07-28 22:20:46,19.69,100.49,29.12,3.44,86.76,85.06
2018-07-28 22:25:47,19.62,100.49,29.12,3.44,86.13,85.06
2018-07-28 22:30:48,19.62,100.49,29.12,3.44,87.71,86.96
2018-07-28 22:35:49,19.31,100.49,28.50,3.44,83.92,83.07
2018-07-28 22:40:50,19.12,100.49,28.50,3.44,83.14,82.08
2018-07-28 22:45:52,18.87,100.49,28.50,3.44,83.14,82.82
2018-07-28 22:50:53,18.81,100.49,28.50,3.44,85.34,84.80
2018-07-28 22:55:54,18.75,100.49,28.50,3.44,86.29,84.80
2018-07-28 23:00:55,18.50,100.49,27.94,3.44,86.29,85.56
2018-07-28 23:05:56,18.69,100.49,27.94,3.44,88.02,86.75
2018-07-28 23:10:57,18.62,100.49,27.94,3.44,85.50,83.99
2018-07-28 23:15:58,18.37,101.00,26.50,3.44,80.77,83.99
2018-07-28 23:20:59,18.50,101.00,26.50,3.44,87.55,85.80
2018-07-28 23:26:00,18.44,101.00,26.50,3.44,85.50,84.11
2018-07-28 23:31:01,18.69,101.00,25.94,3.44,86.45,84.72
2018-07-28 23:36:02,18.44,101.00,25.94,3.44,84.71,83.68
2018-07-28 23:41:03,18.69,101.00,25.94,3.44,86.92,85.50
2018-07-28 23:46:04,18.75,101.00,26.75,3.44,84.24,83.06
2018-07-28 23:51:05,18.81,101.00,26.75,3.44,83.61,83.06
2018-07-28 23:56:07,18.81,101.00,26.75,3.44,82.82,82.15
2018-07-29 00:01:08,18.62,101.00,26.75,3.44,83.92,82.15
2018-07-29 00:06:09,18.75,101.00,26.75,3.44,83.92,83.36
2018-07-29 00:11:10,18.75,101.00,26.75,3.44,83.92,82.45
2018-07-29 00:16:11,18.75,101.00,26.75,3.44,85.34,84.78
2018-07-29 00:21:12,18.81,101.00,25.94,3.44,84.71,83.53
2018-07-29 00:26:13,18.87,101.00,25.94,3.44,85.34,84.48
2018-07-29 00:31:14,18.75,101.00,25.94,3.44,83.45,81.69
2018-07-29 00:36:15,18.94,101.00,25.94,3.44,82.66,81.69
2018-07-29 00:41:16,18.75,101.00,25.94,3.44,82.66,81.69
2018-07-29 00:46:17,18.62,101.00,25.94,3.44,82.03,80.89
2018-07-29 00:51:18,18.75,101.00,25.94,3.44,82.03,80.89
2018-07-29 00:56:19,18.69,101.00,25.94,3.44,81.40,79.80
2018-07-29 01:01:20,18.62,101.00,25.94,3.44,81.40,80.73
2018-07-29 01:06:21,18.56,101.00,25.94,3.44,81.40,80.73
2018-07-29 01:11:23,18.44,101.00,25.94,3.44,81.40,80.73
2018-07-29 01:16:24,18.37,101.00,24.31,3.44,82.35,81.46
2018-07-29 01:21:25,18.44,101.00,24.31,3.44,83.92,83.16
2018-07-29 01:26:26,18.50,101.00,24.31,3.44,82.98,81.77
2018-07-29 01:31:27,18.44,101.00,24.31,3.44,81.56,80.85
2018-07-29 01:36:28,18.44,101.00,24.31,3.44,81.56,80.85
2018-07-29 01:41:29,18.44,101.00,24.31,3.44,82.51,80.85
2018-07-29 01:46:30,18.37,101.00,23.44,3.44,77.93,80.22
2018-07-29 01:51:31,18.19,101.00,23.44,3.44,75.09,80.83
2018-07-29 01:56:32,18.25,101.00,22.31,3.44,82.35,80.83
2018-07-29 02:01:33,18.12,101.00,22.31,3.44,82.35,80.83
2018-07-29 02:06:34,18.12,101.00,22.31,3.44,83.29,82.03
2018-07-29 02:11:35,18.06,101.00,22.31,3.44,83.29,82.03
2018-07-29 02:16:36,18.12,101.00,22.31,3.44,83.92,82.64
2018-07-29 02:21:38,18.06,101.00,22.31,3.44,83.92,82.64
2018-07-29 02:26:39,17.94,101.00,22.31,3.44,83.92,82.64
2018-07-29 02:31:40,17.81,101.00,21.69,3.44,85.82,83.70
2018-07-29 02:36:41,17.94,101.00,21.69,3.44,85.82,84.45
2018-07-29 02:41:42,17.87,101.00,20.19,3.44,84.08,82.46
2018-07-29 02:46:43,17.94,101.00,19.56,3.44,84.87,83.22
2018-07-29 02:51:44,17.94,101.00,19.56,3.44,83.14,82.30
2018-07-29 02:56:45,18.00,101.00,19.56,3.44,83.14,82.30
2018-07-29 03:01:46,17.87,101.00,18.25,3.44,83.14,81.38
2018-07-29 03:06:47,17.94,101.00,18.25,3.44,83.14,81.38
2018-07-29 03:11:48,17.87,101.00,18.25,3.44,83.14,81.38
2018-07-29 03:16:49,17.75,101.00,17.44,3.44,83.14,81.38
2018-07-29 03:21:50,17.81,101.00,16.69,3.44,84.55,82.89
2018-07-29 03:26:51,17.69,101.00,16.69,3.44,82.98,81.82
2018-07-29 03:31:52,17.62,101.00,16.69,3.44,82.35,82.73
2018-07-29 03:36:54,17.44,101.00,15.75,3.44,84.08,82.73
2018-07-29 03:41:55,17.56,101.00,15.00,3.44,85.50,84.08
2018-07-29 03:46:56,17.56,101.00,14.31,3.44,85.50,84.08
2018-07-29 03:51:57,17.50,101.00,14.31,3.44,85.50,84.08
2018-07-29 03:56:58,17.31,101.00,14.31,3.44,86.29,82.38
2018-07-29 04:01:59,17.19,101.00,14.88,3.44,85.66,84.67
2018-07-29 04:07:00,17.25,101.00,14.88,3.44,85.66,84.03
2018-07-29 04:12:01,17.12,101.00,14.31,3.44,84.87,91.48
2018-07-29 04:17:02,17.06,101.00,14.31,3.44,85.82,84.02
2018-07-29 04:22:03,16.94,101.00,14.31,3.44,85.82,84.02
2018-07-29 04:27:04,16.87,101.00,14.31,3.44,85.82,84.02
2018-07-29 04:32:05,16.94,101.00,14.31,3.44,85.82,85.06
2018-07-29 04:37:06,17.06,101.00,13.75,3.44,87.39,86.00
2018-07-29 04:42:07,17.00,101.00,13.75,3.44,86.13,84.63
2018-07-29 04:47:08,17.06,101.00,13.75,3.44,86.13,84.63
2018-07-29 04:52:09,16.87,101.00,13.75,3.44,85.03,84.01
2018-07-29 04:57:11,16.87,101.00,13.75,3.44,85.66,84.01
2018-07-29 05:02:12,16.87,101.00,14.63,3.44,85.66,84.01
2018-07-29 05:07:13,16.31,101.00,13.75,3.44,85.66,84.01
2018-07-29 05:12:14,16.25,101.00,13.13,3.44,88.18,86.51
2018-07-29 05:17:15,16.31,101.00,13.13,3.44,86.92,85.57
2018-07-29 05:22:16,16.19,101.00,13.81,3.44,88.34,87.12
2018-07-29 05:27:17,16.06,101.00,13.81,3.44,88.34,87.12
2018-07-29 05:32:18,16.19,101.00,13.13,3.44,90.55,88.16
2018-07-29 05:37:19,16.19,101.00,13.13,3.44,88.50,87.41
2018-07-29 05:42:20,16.12,101.00,13.13,3.44,89.13,87.41
2018-07-29 05:47:21,15.88,101.00,13.13,3.44,89.13,91.88
2018-07-29 05:52:22,15.88,101.00,13.13,3.44,88.18,85.50
2018-07-29 05:57:23,16.06,101.00,12.50,3.44,88.18,86.12
2018-07-29 06:02:24,16.19,101.00,11.75,3.44,89.44,87.70
2018-07-29 06:07:25,16.25,101.00,11.75,3.44,89.44,87.70
2018-07-29 06:12:26,16.19,101.00,11.19,3.44,87.71,86.03
2018-07-29 06:17:28,16.25,101.00,10.25,3.44,88.81,86.79
2018-07-29 06:22:29,16.31,101.00,9.31,3.44,87.55,85.41
2018-07-29 06:27:30,16.56,101.00,9.31,3.44,87.55,85.41
2018-07-29 06:32:31,16.62,101.00,9.31,3.44,86.92,85.41
2018-07-29 06:37:32,16.69,101.00,8.19,3.44,86.29,84.40
2018-07-29 06:42:33,16.50,101.00,8.19,3.44,86.29,84.40
2018-07-29 06:47:34,16.69,101.00,7.13,3.44,88.65,86.70
2018-07-29 06:52:35,16.69,101.00,6.56,3.44,88.65,86.70
2018-07-29 06:57:36,16.62,101.00,6.56,3.44,88.65,86.70
2018-07-29 07:02:37,16.69,101.00,6.56,3.44,90.70,88.27
2018-07-29 07:07:38,16.62,101.00,6.00,3.44,90.07,89.05
2018-07-29 07:12:39,16.75,101.00,6.00,3.44,91.49,89.05
2018-07-29 07:17:40,16.94,101.00,6.00,3.44,90.07,87.82
2018-07-29 07:22:41,16.69,101.00,6.00,3.44,88.65,86.62
2018-07-29 07:27:42,16.69,101.00,6.00,3.44,89.76,88.12
2018-07-29 07:32:43,17.00,101.00,6.75,3.44,90.39,88.74
2018-07-29 07:37:45,17.06,101.00,7.31,3.44,89.28,86.94
2018-07-29 07:42:46,17.31,101.00,6.63,3.44,88.65,86.94
2018-07-29 07:47:47,17.25,101.00,6.63,3.44,87.71,81.73
2018-07-29 07:52:48,17.62,101.00,5.13,3.44,87.71,86.37
2018-07-29 07:57:49,17.44,101.00,5.13,3.44,85.97,84.58
2018-07-29 08:02:50,17.94,101.00,5.13,3.44,85.97,85.32
2018-07-29 08:07:51,17.94,101.00,5.13,3.44,83.61,82.46
2018-07-29 08:12:52,18.25,101.00,3.81,3.44,82.82,82.46
2018-07-29 08:17:53,18.00,101.00,4.63,3.44,82.19,81.12
2018-07-29 08:22:54,18.31,101.00,5.38,3.44,82.19,81.12
2018-07-29 08:27:55,18.25,101.00,5.38,3.44,79.82,78.95
2018-07-29 08:32:56,18.37,101.00,5.38,3.44,80.93,79.72
2018-07-29 08:37:57,18.62,101.00,5.38,3.44,80.93,78.96
2018-07-29 08:42:58,18.50,101.00,5.38,3.44,78.72,77.45
2018-07-29 08:48:00,18.62,101.00,5.38,3.44,80.61,79.92
2018-07-29 08:53:01,18.94,101.00,5.38,3.44,78.25,78.23
2018-07-29 08:58:02,19.25,101.00,5.38,3.44,77.46,77.19
2018-07-29 09:03:03,19.12,101.00,5.38,3.44,76.36,74.75
2018-07-29 09:08:04,19.44,101.00,6.31,3.44,75.73,74.75
2018-07-29 09:13:05,19.62,101.00,7.13,3.44,74.15,73.23
2018-07-29 09:18:06,19.75,101.00,7.13,3.44,72.73,72.48
2018-07-29 09:23:07,19.81,101.00,7.75,3.44,72.73,72.48
2018-07-29 09:28:08,20.06,101.00,7.75,3.44,72.73,72.48
2018-07-29 09:33:09,20.19,101.00,8.38,3.44,70.68,69.74
2018-07-29 09:38:10,20.44,101.00,8.38,3.44,71.63,70.38
2018-07-29 09:43:11,20.37,101.00,9.00,3.44,69.89,68.70
2018-07-29 09:48:12,20.56,101.00,9.94,2.93,68.16,68.07
2018-07-29 09:53:14,20.50,101.00,9.38,2.93,66.27,65.75
2018-07-29 09:58:15,21.00,101.00,8.63,2.93,66.90,65.75
2018-07-29 10:03:16,21.12,101.00,8.63,2.93,63.43,62.69
2018-07-29 10:08:17,21.50,101.00,8.63,2.93,62.48,62.69
2018-07-29 10:13:18,21.62,101.00,8.63,2.93,60.12,61.51
2018-07-29 10:18:19,21.56,101.00,8.63,2.93,58.86,58.08
2018-07-29 10:23:20,21.75,101.00,8.06,2.93,59.64,59.48
2018-07-29 10:28:21,21.56,101.00,8.75,2.93,59.64,57.47
2018-07-29 10:33:22,21.87,101.00,9.63,2.93,57.75,57.47
2018-07-29 10:38:23,22.12,101.00,9.63,2.93,54.91,54.20
2018-07-29 10:43:24,22.37,101.00,9.63,2.93,53.50,52.98
2018-07-29 10:48:25,22.50,101.00,10.31,2.32,48.61,48.93
2018-07-29 10:53:27,22.62,101.00,10.31,2.32,52.08,51.61
2018-07-29 10:58:28,22.62,101.00,10.31,2.32,50.97,50.37
2018-07-29 11:03:29,22.94,101.00,10.31,2.32,48.77,48.96
2018-07-29 11:08:30,23.25,101.00,11.44,2.32,48.13,47.42
2018-07-29 11:13:31,23.50,101.00,11.44,2.32,45.45,45.41
2018-07-29 11:18:32,23.37,101.00,10.44,2.32,41.35,41.04
2018-07-29 11:23:33,23.56,101.00,10.44,2.32,41.35,41.04
2018-07-29 11:28:34,23.56,101.00,10.44,2.32,40.25,40.26
2018-07-29 11:33:35,23.56,101.00,10.44,2.32,37.57,39.47
2018-07-29 11:38:36,24.06,101.00,10.44,2.32,39.78,39.47
2018-07-29 11:43:38,24.06,101.00,10.44,2.32,39.78,39.99
2018-07-29 11:48:39,24.06,101.00,10.44,2.32,39.78,39.99
2018-07-29 11:53:40,24.00,101.00,10.44,2.32,38.67,38.26
2018-07-29 11:58:41,24.50,101.00,10.44,2.32,36.15,35.74
2018-07-29 12:03:42,24.37,101.00,10.44,2.32,39.15,38.77
2018-07-29 12:08:43,24.19,101.00,10.44,2.32,39.15,39.39
2018-07-29 12:13:44,24.25,101.00,11.00,2.32,39.15,38.58
2018-07-29 12:18:45,24.62,101.00,11.81,2.32,39.15,39.69
2018-07-29 12:23:46,24.56,101.00,12.69,2.32,39.15,38.31
2018-07-29 12:28:47,24.94,101.00,12.06,2.32,43.88,44.12
2018-07-29 12:33:49,24.75,101.00,12.06,2.32,42.14,41.95
2018-07-29 12:38:50,25.12,101.00,13.69,2.32,40.09,40.36
2018-07-29 12:43:51,24.81,101.00,12.88,2.32,38.36,38.82
2018-07-29 12:48:52,25.00,101.00,14.38,2.32,39.78,39.90
2018-07-29 12:53:53,25.00,101.00,14.38,2.32,39.78,39.90
2018-07-29 12:58:54,24.87,101.00,14.38,2.32,41.20,41.33
2018-07-29 13:03:55,25.37,101.00,14.38,2.32,37.73,37.85
2018-07-29 13:08:56,25.44,101.00,14.38,2.32,38.36,37.85
2018-07-29 13:13:57,25.81,101.00,14.38,2.32,35.21,35.69
2018-07-29 13:18:58,25.69,101.00,15.19,2.32,35.99,35.69
2018-07-29 13:24:00,25.56,101.00,15.88,2.32,40.09,40.13
2018-07-29 13:29:01,25.62,101.00,15.88,2.32,36.94,38.07
2018-07-29 13:34:02,26.19,101.00,15.88,2.32,36.94,37.28
2018-07-29 13:39:03,26.37,101.00,16.56,2.32,35.99,35.75
2018-07-29 13:44:04,26.12,101.00,16.56,2.32,35.99,35.75
2018-07-29 13:49:05,26.12,101.00,16.56,2.32,37.26,37.64
2018-07-29 13:54:06,26.37,101.00,16.56,2.32,37.26,37.64
2018-07-29 13:59:07,26.50,101.00,17.12,2.32,35.36,36.08
2018-07-29 14:04:08,26.62,101.00,17.12,2.32,36.62,36.72
2018-07-29 14:09:10,26.50,101.00,17.12,2.32,37.89,36.10
2018-07-29 14:14:11,26.81,101.00,17.12,2.32,36.94,36.10
2018-07-29 14:19:12,26.62,101.00,18.37,2.32,35.52,36.10
2018-07-29 14:24:13,27.12,101.00,17.81,2.32,35.52,34.20
2018-07-29 14:29:14,28.00,101.00,18.62,2.32,37.10,36.93
2018-07-29 14:34:15,27.56,101.00,20.06,2.32,34.26,34.78
2018-07-29 14:39:16,27.50,101.00,20.06,2.32,35.99,35.70
2018-07-29 14:44:17,26.81,101.00,18.87,2.32,34.26,34.27
2018-07-29 14:49:18,27.31,101.00,18.87,2.32,34.26,35.16
2018-07-29 14:54:20,27.87,101.00,19.56,2.32,34.26,35.16
2018-07-29 14:59:21,27.56,101.00,19.56,2.32,34.26,35.16
2018-07-29 15:04:22,27.75,101.00,20.19,2.32,35.05,35.16
2018-07-29 15:09:23,27.69,101.00,20.19,2.32,35.05,35.16
2018-07-29 15:14:24,26.81,101.00,20.19,2.32,35.05,35.16
2018-07-29 15:19:25,27.50,101.00,21.81,2.32,34.42,35.16
2018-07-29 15:24:26,27.94,101.00,20.69,2.32,34.42,33.63
2018-07-29 15:29:27,28.19,101.00,20.69,2.32,34.42,33.63
2018-07-29 15:34:29,27.69,101.00,20.69,1.81,32.37,32.57
2018-07-29 15:39:30,28.44,101.00,21.44,1.81,32.37,32.57
2018-07-29 15:44:31,28.69,101.00,21.44,1.81,32.37,31.64
2018-07-29 15:49:32,27.62,101.00,22.06,1.81,32.37,32.61
2018-07-29 15:54:33,28.37,101.00,22.06,1.81,32.37,32.61
2018-07-29 15:59:34,27.94,101.00,21.06,1.81,30.95,31.00
2018-07-29 16:04:35,27.69,101.00,23.06,1.81,30.95,31.60
2018-07-29 16:09:36,28.81,101.00,24.19,1.81,31.58,31.60
2018-07-29 16:14:38,29.19,101.00,24.19,1.81,31.58,31.60
2018-07-29 16:19:39,28.75,101.00,24.19,1.81,30.00,30.10
2018-07-29 16:24:40,28.81,101.00,24.81,1.81,30.00,30.10
2018-07-29 16:29:41,29.25,101.00,24.81,1.81,29.37,30.10
2018-07-29 16:34:42,29.12,101.00,24.81,1.81,28.58,29.31
2018-07-29 16:39:43,28.94,101.00,24.81,1.81,28.58,29.31
2018-07-29 16:44:44,29.19,101.00,25.37,1.81,28.58,29.31
2018-07-29 16:49:45,29.50,101.00,25.37,1.81,28.58,29.31
2018-07-29 16:54:47,29.81,101.00,26.25,1.81,28.58,29.31
2018-07-29 16:59:48,29.81,101.00,26.25,1.81,29.21,29.31
2018-07-29 17:04:49,29.75,101.00,25.62,1.81,29.21,30.14
2018-07-29 17:09:50,30.44,101.00,25.62,1.81,29.21,29.02
2018-07-29 17:14:51,29.50,101.00,24.06,1.81,27.48,28.11
2018-07-29 17:19:52,28.94,101.00,24.94,1.81,29.06,29.01
2018-07-29 17:24:53,29.50,101.00,24.94,1.81,29.06,28.02
2018-07-29 17:29:54,30.31,101.00,26.25,1.81,29.06,29.17
2018-07-29 17:34:56,30.44,101.00,26.25,1.81,27.95,28.58
2018-07-29 17:39:57,29.81,101.00,23.87,1.81,26.38,27.47
2018-07-29 17:44:58,29.94,101.00,25.06,1.81,27.32,27.47
2018-07-29 17:49:59,29.19,101.00,23.25,1.81,27.32,27.47
2018-07-29 17:55:00,28.25,101.00,21.81,1.81,27.95,28.35
2018-07-29 18:00:01,28.19,101.00,21.81,1.81,29.85,29.56
2018-07-29 18:05:02,28.81,101.00,22.44,1.81,29.85,29.56
2018-07-29 18:10:03,28.06,101.00,20.94,1.81,30.48,30.23
2018-07-29 18:15:05,28.06,101.00,20.94,1.81,30.48,30.23
2018-07-29 18:20:06,27.37,101.00,20.94,1.81,30.48,30.23
2018-07-29 18:25:07,26.94,101.00,18.50,1.81,33.00,32.67
2018-07-29 18:30:08,24.87,101.00,13.75,1.81,33.00,34.38
2018-07-29 18:35:09,22.81,101.00,10.44,1.81,39.78,39.43
2018-07-29 18:40:10,21.62,101.00,10.44,2.37,51.13,50.23
2018-07-29 18:45:11,21.12,101.00,11.13,2.37,57.91,57.61
2018-07-29 18:50:12,20.87,101.00,11.13,2.37,61.54,60.99
2018-07-29 18:55:13,20.94,101.00,11.13,2.37,64.06,63.92
2018-07-29 19:00:15,20.37,101.00,11.13,2.37,63.27,62.68
2018-07-29 19:05:16,19.62,101.00,10.25,2.37,66.58,65.57
2018-07-29 19:10:17,19.81,101.00,13.56,2.97,69.89,69.05
2018-07-29 19:15:18,22.31,101.00,15.38,2.97,72.73,71.88
2018-07-29 19:20:19,20.94,101.00,14.69,2.97,70.52,70.39
2018-07-29 19:25:20,20.81,101.00,15.50,2.97,71.78,72.99
2018-07-29 19:30:21,21.19,101.00,15.50,2.97,71.78,71.10
2018-07-29 19:35:22,20.69,101.00,15.50,2.97,64.69,63.97
2018-07-29 19:40:23,21.25,101.00,13.94,2.97,67.37,67.02
2018-07-29 19:45:24,21.19,101.00,13.94,2.97,64.06,63.04
2018-07-29 19:50:25,20.62,101.00,15.44,2.97,67.53,66.94
2018-07-29 19:55:26,21.37,101.00,15.44,2.97,73.99,72.79
2018-07-29 20:00:28,21.19,101.00,13.13,2.97,72.57,71.65
2018-07-29 20:05:29,21.06,101.00,14.81,2.97,68.00,67.56
2018-07-29 20:10:30,21.00,101.00,12.88,2.97,71.31,70.98
2018-07-29 20:15:31,21.12,101.00,11.06,2.97,72.89,72.38
2018-07-29 20:20:32,20.69,101.00,11.81,2.97,69.42,68.65
2018-07-29 20:25:33,20.62,101.00,11.81,2.97,69.42,68.65
2018-07-29 20:30:34,20.44,101.00,13.13,2.97,70.84,70.13
2018-07-29 20:35:35,20.50,101.00,13.13,2.97,74.62,74.01
2018-07-29 20:40:36,19.87,101.00,10.44,2.97,74.62,74.01
2018-07-29 20:45:37,19.56,101.00,9.63,2.97,74.62,74.01
2018-07-29 20:50:38,19.37,101.00,8.69,2.97,76.83,76.05
2018-07-29 20:55:39,19.50,101.00,7.69,2.97,73.68,76.05
2018-07-29 21:00:41,19.37,101.00,6.69,2.97,75.25,74.79
2018-07-29 21:05:42,19.50,101.00,6.69,2.97,75.25,74.79
2018-07-29 21:10:43,19.31,101.00,5.81,2.97,76.20,74.79
2018-07-29 21:15:44,19.12,101.00,5.81,2.97,78.25,77.10
2018-07-29 21:20:45,18.81,101.00,5.81,2.97,82.82,81.89
2018-07-29 21:25:46,18.81,101.00,5.81,2.97,81.56,80.59
2018-07-29 21:30:47,19.06,101.00,5.81,2.97,83.14,82.30
2018-07-29 21:35:48,18.75,101.00,5.81,2.97,82.51,81.57
2018-07-29 21:40:49,18.69,101.00,4.75,2.97,85.19,84.47
2018-07-29 21:45:50,18.56,101.00,4.75,2.97,82.66,81.66
2018-07-29 21:50:51,18.44,101.00,5.69,3.51,87.24,85.83
2018-07-29 21:55:52,18.31,101.00,5.69,3.51,85.50,84.72
2018-07-29 22:00:53,18.37,101.00,5.69,3.51,89.92,88.74
2018-07-29 22:05:55,18.37,101.00,5.13,3.51,86.29,85.33
2018-07-29 22:10:56,18.25,101.00,5.13,3.51,86.29,86.26
2018-07-29 22:15:57,18.12,101.00,5.13,3.51,87.24,85.46
2018-07-29 22:20:58,18.00,101.00,5.13,3.51,90.55,89.48
2018-07-29 22:25:59,17.87,101.00,5.13,3.51,90.55,89.48
2018-07-29 22:31:00,17.75,101.00,5.13,3.51,90.55,88.81
2018-07-29 22:36:01,17.81,101.00,5.13,3.51,91.65,90.49
2018-07-29 22:41:02,17.69,101.00,5.13,3.51,93.07,91.13
2018-07-29 22:46:03,17.81,101.00,5.13,3.51,93.07,91.13
2018-07-29 22:51:04,17.87,101.00,4.56,3.51,90.86,88.95
2018-07-29 22:56:05,17.81,101.00,4.56,3.51,92.12,90.52
2018-07-29 23:01:06,18.06,101.00,3.19,3.51,90.23,88.49
2018-07-29 23:06:07,18.06,101.00,3.19,3.51,90.86,90.71
2018-07-29 23:11:09,18.12,101.00,1.81,3.51,85.66,89.93
2018-07-29 23:16:10,18.12,101.00,1.81,3.51,90.70,89.01
2018-07-29 23:21:08,18.06,101.00,1.81,3.51,90.70,89.01
2018-07-29 23:26:09,17.94,101.00,3.19,3.51,91.97,90.55
2018-07-29 23:31:10,17.94,101.00,3.19,3.51,91.97,90.55
2018-07-29 23:36:11,17.81,101.00,4.00,3.51,91.97,89.91
2018-07-29 23:41:12,17.81,101.00,4.00,3.51,89.28,88.18
2018-07-29 23:46:13,17.81,101.00,4.00,3.51,89.28,88.18
2018-07-29 23:51:14,17.81,101.00,4.75,3.51,89.28,88.18
2018-07-29 23:56:16,17.94,101.00,4.75,3.51,91.33,89.73
2018-07-30 00:01:17,17.94,101.00,3.94,3.51,89.13,87.74
2018-07-30 00:06:18,18.00,101.00,3.94,3.51,89.13,87.74
2018-07-30 00:11:19,18.06,101.00,3.94,3.51,89.76,88.83
2018-07-30 00:16:20,18.06,101.00,3.94,3.51,96.54,87.45
2018-07-30 00:21:21,18.06,101.00,3.19,3.51,88.02,86.52
2018-07-30 00:26:22,18.19,101.00,3.19,3.51,88.81,86.52
2018-07-30 00:31:23,17.94,101.00,3.19,3.51,88.81,87.47
2018-07-30 00:36:24,17.94,101.00,2.19,3.51,90.86,89.13
2018-07-30 00:41:25,18.00,101.00,2.19,3.51,88.65,86.96
2018-07-30 00:46:26,18.00,101.00,2.19,3.51,88.02,86.96
2018-07-30 00:51:27,17.94,101.00,2.19,3.51,89.13,87.75
2018-07-30 00:56:28,18.19,101.00,1.00,3.51,91.18,90.22
2018-07-30 01:01:29,18.06,101.00,1.00,3.51,88.50,86.23
2018-07-30 01:06:30,18.19,101.00,1.00,3.51,89.13,86.23
2018-07-30 01:11:32,18.19,101.00,1.00,3.51,89.13,87.94
2018-07-30 01:16:33,18.19,101.00,1.00,3.51,89.13,87.94
2018-07-30 01:21:34,18.06,101.00,1.00,3.51,90.70,82.97
2018-07-30 01:26:35,18.06,101.00,1.00,3.51,90.70,89.62
2018-07-30 01:31:36,17.81,101.00,1.00,3.51,89.76,89.00
2018-07-30 01:36:37,18.00,101.00,1.81,3.51,91.18,89.00
2018-07-30 01:41:38,18.00,101.00,1.12,3.51,90.07,89.00
2018-07-30 01:46:39,18.12,101.00,0.37,3.51,90.07,88.21
2018-07-30 01:51:40,18.25,101.00,0.37,3.51,86.45,85.44
2018-07-30 01:56:41,18.50,101.00,1.12,3.51,84.55,82.82
2018-07-30 02:01:42,18.37,101.00,1.12,3.51,82.82,81.63
2018-07-30 02:06:43,18.25,101.00,0.00,3.51,82.82,81.63
2018-07-30 02:11:44,18.25,101.00,0.00,3.51,82.82,81.63
2018-07-30 02:16:45,18.37,101.00,0.00,3.51,82.82,81.63
2018-07-30 02:21:46,18.25,101.00,0.00,3.51,81.56,81.63
2018-07-30 02:26:47,18.19,101.00,-1.06,3.51,81.56,80.65
2018-07-30 02:31:49,18.12,101.00,-0.25,3.51,82.66,81.57
2018-07-30 02:36:50,17.94,101.00,-0.25,3.51,82.66,80.78
2018-07-30 02:41:51,17.87,101.00,0.50,3.51,81.72,82.61
2018-07-30 02:46:52,18.00,101.00,0.50,3.51,81.72,81.36
2018-07-30 02:51:53,17.87,101.00,0.50,3.51,83.61,81.36
2018-07-30 02:56:54,17.81,101.00,0.50,3.51,86.13,82.76
2018-07-30 03:01:55,17.87,101.00,0.50,3.51,83.61,82.76
2018-07-30 03:06:56,17.94,101.00,-0.31,3.51,83.61,81.98
2018-07-30 03:11:57,18.12,101.00,-0.31,3.51,83.61,81.98
2018-07-30 03:16:58,18.12,101.00,-0.31,3.51,81.87,80.47
2018-07-30 03:21:59,18.12,101.00,-1.06,3.51,80.61,80.47
2018-07-30 03:27:00,18.12,101.00,-1.06,3.51,80.61,79.85
2018-07-30 03:32:01,18.12,101.00,-1.06,3.51,80.61,78.61
2018-07-30 03:37:02,18.25,101.00,-1.06,3.51,80.61,79.70
2018-07-30 03:42:03,18.37,101.00,-1.63,3.51,80.61,79.70
2018-07-30 03:47:05,18.25,101.00,-1.63,3.51,80.61,79.12
2018-07-30 03:52:06,18.19,101.00,-1.63,3.51,80.61,79.12
2018-07-30 03:57:07,18.19,101.00,-2.31,3.51,76.36,79.71
2018-07-30 04:02:08,18.12,101.00,-2.94,3.51,81.09,79.71
2018-07-30 04:07:09,18.12,101.00,-2.94,3.51,81.09,79.71
2018-07-30 04:12:10,18.12,101.00,-2.94,3.51,81.72,79.71
2018-07-30 04:17:11,18.06,101.00,-2.94,3.51,81.72,80.78
2018-07-30 04:22:12,17.94,101.00,-2.94,3.51,81.72,80.78
2018-07-30 04:27:13,17.75,101.00,-2.19,3.51,83.14,81.99
2018-07-30 04:32:14,17.81,101.00,-2.19,3.51,84.71,83.36
2018-07-30 04:37:15,17.75,101.00,-2.19,3.51,82.98,81.51
2018-07-30 04:42:16,17.69,101.00,-2.19,3.51,84.08,82.43
2018-07-30 04:47:17,17.69,101.00,-2.19,3.51,82.35,83.66
2018-07-30 04:52:18,17.56,101.00,-2.19,3.51,84.08,82.73
2018-07-30 04:57:19,17.56,101.00,-2.19,3.51,84.87,83.63
2018-07-30 05:02:20,17.56,101.00,-2.19,3.51,76.83,82.86
2018-07-30 05:07:22,17.56,101.00,-3.81,3.51,85.34,82.86
2018-07-30 05:12:23,17.50,101.00,-3.81,3.51,84.71,83.48
2018-07-30 05:17:24,17.56,101.00,-3.81,3.51,85.66,84.55
2018-07-30 05:22:25,17.62,101.00,-4.63,3.51,86.92,83.48
2018-07-30 05:27:26,17.56,101.00,-5.25,3.51,83.61,84.58
2018-07-30 05:32:27,17.44,101.00,-5.25,3.51,85.82,83.79
2018-07-30 05:37:28,17.44,101.00,-5.25,3.51,85.82,84.70
2018-07-30 05:42:29,17.19,101.00,-4.69,3.51,85.82,84.70
2018-07-30 05:47:30,16.94,101.00,-4.69,3.51,86.45,84.70
2018-07-30 05:52:31,16.87,101.00,-4.00,3.51,87.08,85.54
2018-07-30 05:57:32,16.87,101.00,-4.00,3.51,87.08,85.54
2018-07-30 06:02:33,16.87,101.00,-4.00,3.51,87.71,86.92
2018-07-30 06:07:34,17.06,101.00,-4.69,3.51,89.28,87.69
2018-07-30 06:12:35,17.00,101.00,-4.69,3.51,89.28,87.69
2018-07-30 06:17:36,17.06,101.00,-4.69,3.51,89.28,86.48
2018-07-30 06:22:38,17.19,101.00,-5.31,3.51,87.08,85.56
2018-07-30 06:27:39,17.12,101.00,-5.31,3.51,87.08,85.56
2018-07-30 06:32:40,17.00,101.00,-5.31,3.51,87.08,85.56
2018-07-30 06:37:41,17.00,101.00,-5.31,3.51,86.45,85.56
2018-07-30 06:42:42,17.25,101.00,-6.31,3.51,88.02,86.48
2018-07-30 06:47:43,17.25,101.00,-6.31,3.51,88.02,86.48
2018-07-30 06:52:44,17.31,101.00,-6.31,3.51,88.97,88.07
2018-07-30 06:57:45,17.31,101.00,-6.31,3.51,87.24,85.76
2018-07-30 07:02:46,17.50,101.00,-6.31,3.51,88.02,86.69
2018-07-30 07:07:47,17.56,101.00,-5.63,3.51,87.39,86.69
2018-07-30 07:12:48,17.75,101.00,-5.63,3.51,87.39,85.65
2018-07-30 07:17:49,18.06,101.00,-4.44,3.51,87.39,86.62
2018-07-30 07:22:50,18.37,101.00,-3.94,3.51,90.07,85.90
2018-07-30 07:27:51,18.56,101.00,-3.94,3.51,85.19,83.93
2018-07-30 07:32:52,18.75,101.00,-3.38,3.51,85.19,83.93
2018-07-30 07:37:54,18.62,101.00,-3.38,3.51,84.24,83.07
2018-07-30 07:42:55,18.75,101.00,-3.38,3.51,83.45,83.07
2018-07-30 07:47:56,18.62,101.00,-3.38,3.51,82.51,78.40
2018-07-30 07:52:57,18.75,101.00,-2.69,3.51,82.51,81.34
2018-07-30 07:57:58,19.00,101.00,-3.38,3.51,82.51,81.34
2018-07-30 08:02:59,19.19,101.00,-4.06,3.51,81.72,80.00
2018-07-30 08:08:00,19.31,101.00,-5.00,3.51,80.30,79.41
2018-07-30 08:13:01,19.37,101.00,-5.00,3.51,79.35,78.81
2018-07-30 08:18:02,19.50,101.00,-5.56,3.51,79.35,78.81
2018-07-30 08:23:03,19.62,101.00,-5.56,3.51,78.41,77.60
2018-07-30 08:28:04,19.75,101.00,-5.56,3.51,77.46,76.06
2018-07-30 08:33:05,19.94,101.00,-5.56,3.51,76.83,76.70
2018-07-30 08:38:06,19.87,101.00,-5.56,3.51,73.99,73.46
2018-07-30 08:43:07,19.75,101.00,-6.19,3.51,73.99,72.67
2018-07-30 08:48:09,20.06,101.00,-6.19,3.51,72.41,72.03
2018-07-30 08:53:10,20.12,101.00,-5.63,2.97,70.68,69.27
2018-07-30 08:58:11,20.37,101.00,-4.75,2.97,70.68,70.37
2018-07-30 09:03:12,20.56,101.00,-4.75,2.97,69.73,68.54
